ck_id,lat,lng,additional_notes,base_area,base_perimeter,base_shape,birthID,bolted_to_ground,condition_notes,depth,faucet_design,faucet_height_cm,faucet_length_cm,flow_rate,format,height,height_cm,high_traffic_area,material,number_of_drains,old_code,original_paint_remaining_pct,owner,parish,raised_drain,risk_factor_algae_pct,risk_factor_graffiti_pct,risk_factor_grime,risk_factor_missing_pieces,risk_factor_overall_damage_pct,risk_factor_rust_percent,risk_factor_surface_damage_percent,running,service_panel,sestiere_or_island,street,street_address,subtype,surface_area_sq_cm,totalDonated,type,visibility,width,width_cm,wiki_friendly_title
00df7ae7-f97f-1061-d452-abbdb39fd791,45.43947702,12.33360955,Spout with two holes,2724,124,hexagon,SP560F,TRUE,,8,spout,81,8,1.3,JPEG,3264,115,TRUE,metal,1,19,0,City of Venice,unknown,FALSE,20,0,medium,none,30,50,2,TRUE,TRUE,San Polo,Campo de le Beccarie,SP560,other,36915,0,fountain,High,2448,20.7,Fountain - SP560F_2014
02781729-2a4c-fb07-d2a4-9f87aff5c529,45.44538614,12.329811,Missing faucet,95,35,circle,CN2648F,FALSE,Missing faucet,8,spout,0,0,0,JPEG,3264,90,FALSE,metal,1,73,15,VESTA,unknown,FALSE,0,0,Low,many,14,80,20,FALSE,FALSE,Cannaregio,Calle Lezze,CN2648,type F,4135,800,fountain,low,2448,unknown,Fountain - CN2648F_2014
0457e69c-c039-6def-cb94-0fd689f6900f,45.438753,12.328335,There's an extended green plastic spout attached to metal spout.,616.2479397,88,Circle,SP2304F,FALSE,,8,spout,55,15,5.9,JPEG,3264,95,,metal,1,,,City of Venice,,,30,0,50,0,,20,5,,TRUE,San Polo,campo s. Agostin,SP2304,Type D_Ott. Basso,9171.24794,,,High,2448,,Fountain - SP2304F_2014
045ab1a8-4762-a8fc-97eb-b77788edd64f,45.44037468,12.32710307,,601,82,octagon,SC1459F,FALSE,,8,spout,62,18,0,JPEG,3264,88,FALSE,metal,1,25,0,City of Venice,S. Giacomo da l'Orio,FALSE,1,1,low,none,15,5,1,TRUE,TRUE,Santa Croce,Campiello del Piovan,SC1459,type D,6359,0,fountain,high,2448,26.8,Fountain - SC1459F_2014
04906781-c0af-c1ab-2e7c-16901eaaaf41,45.43583839,12.32256277,,601,82,octagon,DD3624F,FALSE,,8,spout,41,18,0,JPEG,3264,78,FALSE,metal,1,33,0,City of Venice,unknown,FALSE,0,0,low,none,40,10,5,TRUE,TRUE,Dorsoduro,Calle del Baseg_,DD3624,type D,6359,0,fountain,low,2448,27,Fountain - DD36240F_2014
04f8076a-2cea-4a96-1ccf-0f77370fc6b3,45.42954122,12.35613925,In a playground; very close to CS0F.,961,124,circle,CS00F,FALSE,in a playground; very close to CS0F.,8,lion,80,13,4.3,JPEG,3264,130,TRUE,metal,1,104,0,City of Venice,unknown,FALSE,20,5,low,none,30,0,0,TRUE,TRUE,Castello,Viale Trento,unknown,other,16120,0,fountain,medium,2448,unknown,Fountain - CS00F_2014
06208136-4ae3-6316-ac0e-dd46676961fe,45.43903063,12.32601383,,448,80,octagon,SC850F,FALSE,,8,spout,83,14,0,JPEG,3264,103,FALSE,metal,1,29,1,City of Venice,unknown,FALSE,0,0,medium,none,14,1,10,TRUE,TRUE,Santa Croce,Campiello del Cristo,SC850,type F,7740,0,fountain,medium,2448,26.8,Fountain - SC850F_2014
0736004a-5dc8-fc04-7b84-700dd5918921,45.43963684,12.33464985,Faucet taped up,2724,124,hexagon,SP166F,TRUE,faucet taped up,8,spout,81,8,2.7,JPEG,3264,115,TRUE,metal,1,106,0,VESTA,S. Silvestro,FALSE,25,0,medium,none,1,65,5,TRUE,FALSE,San Polo,Campo de la Pescaria,SP166,other,36915,0,fountain,high,2448,20.7,Fountain - SP166F_2014
0c6e811d-6be1-0433-dd98-c877ea185d76,45.43506,12.330669,,0,0,Circle,SM3884F,FALSE,,8,spout,54,24,5.3,JPEG,3264,68,,metal,0,,,City of Venice,,,0,0,0,0,,100,0,,FALSE,San Marco,corte de L'Albero,SM3884,well_Pozzo,504,,,Medium,2448,,Fountain - SM3884F_2014
0dffd3f2-41d5-c1d5-99a2-84efa2f66e46,45.434787,12.339413,Pigeon fountain.,0,0,Circle,SM314F,N/A,,8,unknown,0,0,3.3,JPEG,3264,0,,N/A,1,,,City of Venice,,,10,0,10,50,,0,0,,N/A,San Marco,piazzetta Dei leoncini,SM314,other,0,,,High,2448,,Fountain - SM314F_2014
1109fb37-0051-8deb-3d10-c3eb81c61cfa,45.4340661,12.34993766,,3234,238,square with rounded corners,CS2379F,FALSE,boarded off,8,lion,80,8,6.7,JPEG,3264,140,FALSE,metal,1,90,0,VESTA,unknown,TRUE,25,0,medium,none,14,5,15,TRUE,TRUE,Castello,Fondementa di Arsenalotti,CS2379,type B,14054,0,fountain,low,2448,59.5,Fountain - CS2379F_2014
1192b9d3-8f7f-95b1-df88-659e1b63f27f,45.484697,12.416903,,66.92465357,29,Circle,BN408F,TRUE,,8,spout,77,23,1.92,JPEG,3264,109,,metal,1,,,City of Venice,,,20,0,50,0,,0,0,,FALSE,Burano,Campo Pescheria,BN408,Tybe G_Tubo,3365.924654,,,high,1840,,Fountain - BN408F_2014
11e40b5e-9b50-9f80-b3ba-41cd8588a28a,45.43141116,12.35776383,Drain filled with dirt.,0,0,circle,CS685F,FALSE,,8,spout,86,17,0,JPEG,3264,156,FALSE,metal,1,100,0,City of Venice,unknown,FALSE,10,5,medium,some,25,30,5,FALSE,TRUE,Castello,Seco Marina,CS685,type C,unknown,0,fountain,medium,2448,unknown,Fountain - CS685F_2014
1295ca27-8bde-0501-92e9-d77e348ea44d,45.443562,12.32681,,0,0,Circle,CN1526F,FALSE,,8,spout,54,23,0,JPEG,3264,65,,metal,1,,,City of Venice,,,0,0,1,50,,40,5,,TRUE,Cannaregio,"campo s. Leonardo, rio Tera farsetti",CN1562,Well_Pozzo,460,,,high,2448,,Fountain - CN1526_2014
143c517f-c423-ef75-183b-cd3b5804222e,45.437061,12.341322,,0,0,Circle,CS5248F,FALSE,,8,spout,49,24,0,JPEG,3264,59,,metal,0,,,City of Venice,,,0,0,0,50,,30,1,,FALSE,Castello,campo s. Maria Formosa,CS5248,Well_Pozzo,504,,,high,2448,,Fountain - CS5248_2014
149746d4-6cc2-dad8-36bb-e28f82805154,45.43333055,12.3565214,,3234,238,square with rounded corners,CS417F,TRUE,,8,lion,80,8,11.1,JPEG,3264,149,FALSE,metal,1,97,2,VESTA,unknown,TRUE,35,0,Medium,none,13,15,20,FALSE,TRUE,Castello,Campiello della Colomba,CS417,type B,14054,0,fountain,medium,2448,59.5,Fountain - CS417F_2014
14e19170-23de-4567-0620-74d8467f24b7,45.439976,12.338586,,0,0,Circle,CN5989F,FALSE,,8,Spout,59,22,0,JPEG,1840,75,,Metal,1,,,City of Venice,,,0,0,1,0,,40,10,,FALSE,Cannaregio,campiello Bruno Crovato Gia saint canzian,CN5989,Well_Pozzo,462,,,High,3264,,Fountain - CN5989_2014
17c4e4fc-52d1-facd-e8de-0863ec9b0ee8,45.44281008,12.33830535,Drain blocked,3234,238,square with rounded corners,CN4921F,FALSE,,8,lion,84,8,4.8,JPEG,3264,147,TRUE,metal,1,59,10,City of Venice,Ss. Apostoli,TRUE,10,0,medium,none,8,5,5,TRUE,TRUE,Cannaregio,Campo dei Gesuiti,CN4921,type B,14054,0,fountain,High,1840,59.5,Fountain - CN4921F_2014
1858ca70-a2d2-99ed-1ea1-59876a6f2e53,45.43594047,12.32393381,,1256,126,circle,SC21F,FALSE,,8,spout,80,20,6.2,JPEG,3264,154,FALSE,metal,1,13,3,City of Venice,S. Pantalon,FALSE,20,0,medium,none,10,15,3,TRUE,TRUE,Santa Croce,Campiello Mosca,SC21,type C,12139,0,fountain,high,2448,unknown,Fountain - SC21F_2014
18c85a0a-731d-7d3b-1105-d09ac2da8f0f,45.43797527,12.34624872,,0,0,other,CS2840F,FALSE,,8,spout,65,18,0,JPEG,3264,82,FALSE,stone,1,87,0,VESTA,S. Francesco de la Vigna,FALSE,0,0,low,none,20,100,0,FALSE,FALSE,Castello,Campo S. Giustina,CS2840,well,unknown,0,fountain,high,2448,unknown,Fountain - CS2840F_2014
1954e475-2f3d-3910-f1df-f784b5423274,45.43645149,12.31968427,There's a construction fence around the fountain so data couldn't be fully assessed.,3234,238,square with rounded corners,SC353F,FALSE,drain clogged,8,lion,84,8,5,JPEG,3264,138,FALSE,metal,1,32,1,VESTA,Tolentini,FALSE,15,1,medium,some,18,0,5,TRUE,FALSE,Santa Croce,Rio Ter_ dei Pensieri,SC353,type B,14054,0,fountain,high,2448,59.5,Fountain - SC353F_2014
1c5dce2d-ed23-afc2-d299-84188c40e7d7,45.45451,12.388844,Broken push button. Located in front of caparrone stop.,1660.5625,163,Square,SE0F,FALSE,,8,spout,80,17,1.4,JPEG,3264,93,,marble,1,,,City of Venice,,,15,10,50,0,,0,0,,TRUE,S. Erasmo,Strada Vicinale Militare,SE0,other,16972.5625,,,high,2448,,Fountain - SE0F_2014
1d734690-b9fa-58d5-9cb0-8c10b9fbb262,45.439645,12.338637,,0,0,Circle,CN5995F,FALSE,,8,Spout,52,22,0,JPEG,3264,67,,metal,1,,,City of Venice,,,0,0,1,50,,40,5,,TRUE,Cannaregio,campiello s. Maria nova,CN5995,Well_Pozzo,440,,,Low,1840,,Fountain - CN5995_2014
1e06c0d2-4e7e-6330-d438-9b5950a08f7d,45.43602948,12.34923697,Drain filled with concrete,3234,238,square with rounded corners,CS2579F,FALSE,,8,lion,80,8,0,JPEG,3264,125,FALSE,metal,1,89,0,VESTA,unknown,TRUE,0,5,medium,some,12,10,20,FALSE,FALSE,Castello,Corte de l'Anzolo,CS2579,type B,14054,0,fountain,low,2448,59.5,Fountain - CS2579F_2014
1e3726d6-3c44-87e7-9fd6-57577d5bd721,45.44278552,12.33056577,Covered and secured with a big plastic bag,3234,238,square with rounded corners,CN2140F,TRUE,,8,lion,80,8,0,JPEG,3264,126,FALSE,metal,1,74,0,VESTA,S. Marcuola,TRUE,0,0,medium,some,40,85,10,FALSE,FALSE,Cannaregio,Corte Erizzo,CN2140,type B,14054,50,fountain,medium,2448,59.5,Fountain - CN2140F_2014
1e8a18f2-ec63-ab66-cadc-81afcb01a41b,45.48912,12.412637,There's a push button in the front.,1024,128,Square,BN00F,FALSE,,8,lion,104,12,13.9,JPEG,3264,143,,metal,1,,,City of Venice,,,10,0,50,0,,50,5,,TRUE,Marzzorbo,Publico parco,BN00,Type H_Neri,19472,,,medium,2448,,Fountain - BN00F_2014
20132a16-2247-3016-b6e2-6e561f442593,45.441474,12.327731,,0,0,Circle,SC1674F,FALSE,,8,spout,61,23,0,JPEG,3264,72,,metal,1,,,City of Venice,,,15,0,0,0,,80,5,,FALSE,Santa croce,campo s. Zan Degola,SC1674,well_Pozzo,483,,,medium,2448,,Fountain - SC1674F_2014
20291d4f-3acb-cd4a-81f8-e10a920d8d7f,45.42987655,12.33115223,Below ground level. Spout almost fall off.,601,82,octagon,DD487F,FALSE,below ground level,8,spout,55,18,3.2,JPEG,3264,88,FALSE,metal,1,6,1,City of Venice,unknown,FALSE,25,0,medium,none,14,1,1,TRUE,TRUE,Dorsoduro,Corte del Sabion,DD487,type D,6359,0,fountain,medium,2448,26.8,Fountain - DD487F_2014
20ad8cd9-e43b-5a19-cb88-bd391c7c5957,45.43698292,12.34635145,,3234,238,square with rounded corners,CS2896F,TRUE,,8,lion,80,8,0,JPEG,3264,137,FALSE,metal,1,82,0,City of Venice,S. Francesco de la Vigna,TRUE,0,0,Low,none,19,15,1,TRUE,TRUE,Castello,Corte Nova,CS2896,type B,14054,0,fountain,medium,2448,59.5,Fountain - CS2896F_2014
218a4204-7ef2-ca25-1cd2-05d9e12cca83,45.432414,12.335525,Spout broken,0,0,Circle,SM2162F,FALSE,,8,spout,54,20,1.9,JPEG,3264,57,,metal,0,,,City of Venice,,,0,0,10,100,,50,20,,FALSE,San Marco,Corte Barozzi,SM2162,well_Pozzo,420,,,Low,2448,,Fountain - SM2162F_2014
26668b76-3b44-3596-1ac2-9a1a5a8840d5,45.43728496,12.34109879,,20250,180,square,CS5244F,TRUE,,8,spout,0,20,1.6,JPEG,3264,131,TRUE,metal,2,77,5,VESTA,S. Maria Formosa,FALSE,20,10,medium,some,20,15,10,TRUE,FALSE,Castello,Campo S. Maria Formosa,CS5244,type A,12544,100,fountain,high,2448,45,Fountain - CS5244F_2014
28a5ad6c-1796-562a-8889-3892604c3838,45.43232108,12.33290641,,0,0,hexagon,SM2495F,FALSE,,8,spout,48,19,1.9,JPEG,3264,unknown,FALSE,stone,1,42,0,City of Venice,S. Maria Zobenigo,TRUE,0,0,low,none,34,95,0,TRUE,TRUE,San Marco,San Maria del Giglio,SM2495,well,351,0,fountain,high,2448,unknown,Fountain - SM2495F_2014
2a8fa254-c3cd-5cbe-0382-27602c371477,45.453214,12.353061,,459.6394756,76,Circle,MU44F,TRUE,,8,,103,12,2.1,JPEG,3264,145,,metal,1,,,City of Venice,,,0,0,50,50,,15,10,,TRUE,Murano,Campiello Bressagio,MU44,Type F_Cylindro,11575.63948,,,high,2448,,Fountain - MU44F_2014
2b34ea76-0e96-88f5-db49-550bc90e4f69,45.4265,12.36,,1024,128,Square,CS41F,FALSE,,,lion,104,12,5.5,,,143,,metal,1,,,City of Venice,,,10,20,10,0,,0,30,,FALSE,Castello,Viale V. Novembre,CS41,Type H_Neri,19472,,,high,,,Fountain - CS41F_2014
2cefce6c-46c4-3902-1e54-0fc739da7c03,45.44033362,12.32789421,,900,120,square with rounded corners,SC1623F,TRUE,slot in front,8,lion,77,8,4.3,JPEG,3264,116,TRUE,metal,4,24,5,City of Venice,S. Giacomo da l'Orio,FALSE,20,10,medium,some,21,30,5,TRUE,TRUE,Santa Croce,Campo S. Giacomo Dall'Orio,SC1623,type B,14054,0,fountain,high,2448,30,Fountain - SC1623F_2014
2dc2efa0-c356-b4e0-2dfd-2279f2a56a61,45.457493,12.356571,broken spout.,0,0,Circle,MU4F,FALSE,,8,spout,41,,0,JPEG,3264,87,,metal,1,,,City of Venice,,,0,0,50,50,,50,10,,FALSE,Murano,Campo S.Donato,MU4,Well_Pozzo,0,,,medium,1840,,Fountain - MU4F_2014
2ea138bd-1c0a-d7e8-3d66-813a73d0c6ed,45.43584909,12.34512197,,3234,238,square with rounded corners,CS3401F,FALSE,,8,lion,80,8,1.6,JPEG,3264,140,FALSE,metal,1,78,0,City of Venice,S. Giovanni in Bragora,TRUE,50,none,medium,none,20,10,10,TRUE,TRUE,Castello,Campiello de la Fraterna,CS3401,type B,14054,0,fountain,high,2448,59.5,Fountain - CS3401F_2014
2f80a345-12b7-418d-bdbc-00d06d934763,45.43612054,12.34206326,Dripping,3234,238,square with rounded corners,CS4767F,FALSE,dripping,8,lion,80,8,0,JPEG,3264,137,FALSE,metal,1,76,0,City of Venice,unknown,TRUE,0,0,low,none,31,5,5,FALSE,TRUE,Castello,Corte del Pozzo Roverso,CS4767,type B,14054,0,fountain,low,2448,59.5,Fountain - CS4767F_2014
317d7402-7279-65e8-592e-01cdec9f26d0,45.442849,12.338446,,0,0,Circle,CN4876F,FALSE,,8,Spout,46,25,0,JPEG,3264,65,,metal,1,,,City of Venice,,,0,0,1,0,,50,0,,FALSE,Cannaregio,campo Dei gesuiti,CN4876,Well_Pozzo,525,,,High,1840,,Fountain - CN4876_2014
319390c6-66b7-5476-aaf6-d0f09628aeab,45.43505988,12.33081258,,3234,238,square with rounded corners,SM3867F,FALSE,,8,lion,80,8,2.9,JPEG,3264,140,TRUE,metal,1,46,0,City of Venice,unknown,TRUE,40,1,medium,some,32,5,10,TRUE,TRUE,San Marco,Corte de l'Albero,SM3867,type B,14054,0,fountain,high,2448,59.5,Fountain - SM3867F_2014
326ed11a-030b-8a41-2ec4-d641e2cb302b,45.458717,12.355676,,389.9296106,70,Circle,MU28F,TRUE,,8,spout,77,0,0,JPEG,3264,105,,metal,1,,,City of Venice,,,0,0,60,0,,15,0,,TRUE,Murano,Fondamenta S.Lorenzo Ab.Zanetti,MU28,Other,7739.929611,,,High,1840,,Fountain - MU28F_2014
350c533b-f3f2-14e1-c1cb-ccf817e0baa4,45.457368,12.353591,,602.3218821,87,Circle,MU01F,TRUE,,8,lion spout,98,0,0,JPEG,3264,140,,metal,1,,,City of Venice,,,0,30,50,10,,15,20,,TRUE,Murano,Campo S.Bernado,MU01,Type B_Puglia,12782.32188,,,high,2448,,Fountain - MU01F_2014
353846a4-411c-b577-950b-3ea6785503c2,45.43365609,12.3290952,,3234,238,square with rounded corners,SM3168F,TRUE,basin overflowing,8,lion,80,8,6.7,JPEG,3264,140,FALSE,metal,1,44,0,City of Venice,unknown,TRUE,30,0,medium,some,26,50,5,TRUE,TRUE,San Marco,Corte Moretta,SM3168,type B,14054,0,fountain,medium,2448,59.5,Fountain - SM3168F_2014
3636408b-cca4-d839-b6ca-0248dd3aeb8c,45.43362324,12.33558515,Drain and top filled with concrete,3234,238,square with rounded corners,SM1552F,TRUE,,8,lion,80,8,0,JPEG,3264,124,FALSE,metal,1,40,0,City of Venice,S. Mois_,TRUE,5,0,medium,some,18,85,10,FALSE,TRUE,San Marco,Ramo Secondo Corte Contarini,SM1552,type B,14054,0,fountain,low,2448,59.5,Fountain - SM1552F_2014
3654754c-3d9a-b471-7f80-faa4ad8bd8ae,45.455164,12.352938,,602.3218821,87,Circle,MU87F,TRUE,,8,lion spout,98,0,3.9,JPEG,3264,141,,metal,1,,,City of Venice,,,20,0,50,0,,35,20,,TRUE,Murano,Campo S.Stefano,MU87,Type B_Puglia,12869.32188,,,high,2448,,Fountain - MU87F_2014
380a0c6d-3441-3d59-c09e-08c491362b9d,45.486185,12.415921,,462.25,86,Square,BN292F,TRUE,,8,lion,85,0,0,JPEG,3264,125,,metal,1,,,City of Venice,,,0,0,50,0,,30,15,,TRUE,Burano,Corte Capeoe,BN292,Tybe B_Puglia,11212.25,,,high,2448,,Fountain - BN292F_2014
3a4d1bf5-1150-5811-8211-a188bc385c80,45.48487,12.417136,,58.01197676,27,Circle,BN644F,FALSE,,8,unknonw,76,0,0,JPEG,3264,98,,metal,1,,,City of Venice,,,0,0,0,50,,100,20,,FALSE,Burano,Campiello dei Squeri,BN644,Type G_Tubo,2704.011977,,,high,1840,,Fountain - BN644F_2014
3b36596d-4b20-205a-9757-da48a492dec9,45.42932077,12.33023801,surrounding pavement has been raised,601,82,octagon,DD549F,FALSE,surrounding pavement has been raised,8,spout,55,18,2.1,JPEG,3264,88,FALSE,metal,1,5,0,VESTA,Gesuati,FALSE,15,0,medium,some,23,95,0,TRUE,TRUE,Dorsoduro,Campiello ai Incurabili,DD549,type D,6359,0,fountain,medium,2448,26.8,Fountain - DD549F_2014
3bdd3009-2a56-c22b-3c1f-84bdc7c07904,45.487235,12.416404,Drinking hole on top,1139.0625,135,Square,BN313F,TRUE,,8,other,72,13,2.7,JPEG,3264,115,,metal,1,,,City of Venice,,,15,0,50,0,,10,5,,TRUE,Burano,Via Adriana marcello,BN313,Type H_Neri,16872.0625,,,high,2448,,Fountain - BN313F_2014
3e3280e5-1182-3552-5a0d-4e417eb4bedf,45.43665701,12.33753268,,770,114,rectangle,SM5015F,FALSE,,8,lion,84,6,1.5,JPEG,3264,96,FALSE,metal,1,48,10,City of Venice,unknown,FALSE,35,5,medium,none,26,50,10,TRUE,TRUE,San Marco,Fondamenta del le Acque,SM5015,type E,8102,596,fountain,low,2448,28.5,Fountain - SM5015F_2014
3f09a47d-ed0d-96d6-952b-03f9f4080c87,45.458445,12.357339,,588.5549796,86,Circle,MU11F,TRUE,,8,lion spout,82,0,1.61,JPEG,3264,125,,metal,1,,,City of Venice,,,50,5,50,0,,15,10,,TRUE,Murano,Fondamenta Santi,MU11,Type B_Puglia,11338.55498,,,high,1840,,Fountain - MU11F_2014
41dc8f7b-5af8-0e09-96e5-7842e1df28e7,45.43007998,12.33348008,Broken spout,1256,126,circle,DD107F,FALSE,broken spout; graffiti,8,spout,54,10,1.5,JPEG,3264,154,FALSE,metal,1,2,0,VESTA,Gesuati,FALSE,25,0,medium,many,14,5,4,TRUE,TRUE,Dorsoduro,Rio Ter_ dei Catecumeni,DD107,type C,12139,0,fountain,high,2448,unknown,Fountain - DD107F_2014
431191f3-3add-e11d-b8a7-3fb0b06dae5b,45.455674,12.3566,,602.3218821,87,Circle,MU47F,TRUE,,8,lion spout,97,,1.89,JPEG,3264,140,,metal,1,,,City of Venice,,,20,0,50,0,,20,10,,TRUE,Murano,Fondamenta Navagero,MU47,Type B_Puglia,12782.32188,,,high,1840,,Fountain - MU47F_2014
45a0d5eb-4021-cf08-3714-5b8df3bd8265,45.435785,12.322805,,0,0,Circle,DD3628F,FALSE,,8,spout,40,21,0,JPEG,3264,52,,metal,0,,,City of Venice,,,0,0,0,50,,100,15,,FALSE,Dorsoduro,calle e corte del basego,DD3628,well_Pozzo,462,,,low,2448,,Fountain - DD3628_2014
466d2d47-f1e2-c790-626b-c2e15dc1448b,45.43613497,12.32238806,,956,120,octagon,DD5575F,FALSE,"""prof. ta M.221 91""",8,spout,78,7,0,JPEG,3264,127,FALSE,stone,1,34,0,City of Venice,unknown,FALSE,0,1,medium,none,40,0,3,FALSE,TRUE,Dorsoduro,Corte del Gallo,DD5575,other,14400,0,fountain,medium,2448,26.8,Fountain - DD5575F_2014
4873b969-750c-c62a-c23f-e796bbe453ae,45.430154,12.354971,,7225,340,Square,CS000F,FALSE,,8,regular faucet,38,19,0,JPEG,3264,127,,brick,1,,,City of Venice,,,5,0,20,50,,0,10,,TRUE,Castello,riva Dei sette martiri,CS000,other,50614,,,High,2448,,Fountain - CS000F_2014
48a02c63-3885-b35c-4914-0ff08d3bd5bc,45.453975,12.352831,There's a working push button on floor,602.3218821,87,Circle,MU17F,TRUE,,8,lion spout,97,0,3.6,JPEG,3264,147,,metal,1,,,City of Venice,,,20,0,50,0,,15,5,,TRUE,Murano,Corte Bigaglia,MU17,Type B_Puglia,13391.32188,,,Medium,2448,,Fountain - MU17F_2014
49ef5629-4ff5-70fa-fd6b-450ec5bc71c7,45.42507886,12.32683002,,601,82,octagon,DD349F,FALSE,Insula infrastructure built around it,8,spout,60,19,1.1,JPEG,3264,90,FALSE,metal,1,53,5,City of Venice,unknown,FALSE,20,1,medium,none,28,5,4,TRUE,TRUE,Dorsoduro,Corte Ferrando,DD349,,6359,0,fountain,medium,2448,26.8,Fountain - DD349F_2014
4b426862-bad0-4217-e347-24b0222760da,45.43079442,12.32036366,"valve, access panel in base; slot in top. Push new spout to get water.",3234,238,square with rounded corners,DDF,TRUE,access panel in base; slot in top,8,other,0,0,12.5,JPEG,3264,unknown,TRUE,metal,1,37,10,VESTA,unknown,TRUE,30,0,High,some,32,15,20,FALSE,TRUE,Dorsoduro,Scalo Marittimo San Basil,unknown,type B,14054,0,fountain,high,2448,59.5,Fountain - DDF_2014
4eacf733-3f8e-6706-fa10-ef37186d8ea6,45.42882052,12.33200297,Missing grate. Drain filled with dirt.,3234,238,square with rounded corners,DD277F,FALSE,missing grate,8,lion,80,8,0,JPEG,3264,138,FALSE,metal,1,3,1,VESTA,unknown,TRUE,0,0,medium,some,24,95,1,FALSE,FALSE,Dorsoduro,Campiello del Spirito Santo,DD277,type B,14054,0,fountain,medium,2448,59.5,Fountain - DD277F_2014
4eea1bb5-7b7c-fee7-d33a-e50ced44ca3b,45.43376363,12.3584779,,3234,238,square with rounded corners,CS57F,TRUE,,8,lion,80,8,0.43,JPEG,3264,125,FALSE,metal,1,99,0,City of Venice,S. Piero de Castelo,TRUE,40,0,medium,some,26,35,50,TRUE,TRUE,Castello,Foundament di Quintavale,CS57,type B,14054,0,fountain,high,2448,59.5,Fountain - CS57F_2014
4f371b39-5e49-80db-5a0a-8fbf16d7c1ee,45.44634274,12.32896981,"Drain fill with concrete, no faucet",95,35,circle,CN3275F,FALSE,no faucet,8,other,0,0,0,JPEG,3264,90,FALSE,metal,0,64,5,VESTA,S. Alvise,FALSE,0,30,low,many,4,50,10,FALSE,FALSE,Cannaregio,Calle de le Muneghe,CN3275,type F,4135,0,fountain,low,2448,unknown,Fountain - CN3275F_2014
50182fa2-d9a5-b000-dbe0-eaabd3f7deb1,45.455204,12.353113,,0,0,Circle,MU12F,TRUE,,8,spout,41,22,0,JPEG,3264,87,,metal,1,,,City of Venice,,,0,0,50,50,,70,5,,FALSE,Murano,Campo S.Stefano,MU12,Well_Pozzo,462,,,high,2448,,Fountain - MU12F_2014
505e79a8-4c4c-b220-5ebd-9437d3b2cb42,45.44067122,12.32523164,Missing top and drain; filled with concrete,3234,238,square with rounded corners,SC1156F,TRUE,missing top and drain; filled with concrete,8,lion,80,8,0,JPEG,3264,124,FALSE,metal,0,27,0,VESTA,S. Simeone Grande,TRUE,0,10,low,some,0,70,1,FALSE,FALSE,Santa Croce,Ramo Sesto Gallion,SC1156,type B,14054,0,fountain,low,2448,59.5,Fountain - SC1156F_2014
5092b535-70f0-58fa-b67e-f69e5e184229,45.485905,12.418002,Christmas decorations were wrapped and tied around the fountain.,71.61972439,30,Circle,BN427F,FALSE,,8,spout,80,11,0,JPEG,3264,110,,metal,2,,,City of Venice,,,0,0,50,0,,30,15,,TRUE,Burano,Campiello daffan,BN427,Type G_Tubo,3481.619724,,,Low,1840,,Fountain - BN427_2014
553bdb10-9852-1b80-fae8-47406287539c,45.44035,12.336707,,0,0,Circle,CN4542F,FALSE,,8,Spout,56,22,0,JPEG,2448,65,,Metal,1,,,City of Venice,,,0,0,1,50,,0,0,,FALSE,Cannaregio,campo s.s apostoli,CN4542,Well_Pozzo,440,,,High,3264,,Fountain - CN4542_2014
55475146-278a-cfa8-3510-66012907a712,45.42539661,12.33228452,,20250,180,square,DD195F,TRUE,,8,spout,73,20,4.5,JPEG,3264,132,TRUE,metal,1,50,4,City of Venice,unknown,FALSE,10,0,medium,none,25,15,5,TRUE,TRUE,Dorsoduro,Campo del Redentore,DD195,type A,12544,0,fountain,medium,2448,45,Fountain - DD195F_2014
55ef77a4-581c-a4f2-2439-53df0dc9f971,45.42573199,12.32920717,Missing top and filled with trash,3234,238,square with rounded corners,DD251F,TRUE,basin overflowing,8,lion,80,8,1.4,JPEG,3264,140,FALSE,metal,1,52,0,City of Venice,unknown,TRUE,40,10,medium,some,26,45,15,TRUE,TRUE,Dorsoduro,Fondamente S. Giacomo,DD251,type B,14054,0,fountain,medium,2448,59.5,Fountain - DD251F_2014
5bc28ab1-174c-f0d0-5fc8-1a307afa3aa0,45.484551,12.418991,,0,0,Circle,BN335F,FALSE,,8,lion,68,30,0,JPEG,3264,90,,metal,1,,,City of Venice,,,0,0,50,0,,40,5,,FALSE,Burano,Pizza Galuppi,BN335,Well_Pozzo,480,,,high,1840,,Fountain - BN335F-2014
5bef1135-fc11-fa09-2b36-99feab07915f,45.43550283,12.33763812,Basin filled with concrete.,3234,238,square with rounded corners,SM983F,TRUE,basin filled with concrete,8,lion,80,8,0,JPEG,3264,130,FALSE,metal,1,39,0,VESTA,S. Mois_,TRUE,0,1,low,some,20,5,5,FALSE,FALSE,San Marco,Rio Ter_ de le Colone,SM983,type B,14054,0,fountain,low,2448,59.5,Fountain - SM983F_2014
5bfb3141-093c-6d55-3b10-def495179738,45.453131,12.353742,,900,120,Square,MU23F,TRUE,,8,lion spout,97,0,2.2,JPEG,3264,149,,metal,1,,,City of Venice,,,10,5,50,0,,15,5,,TRUE,Murano,Bressagio,MU23,Type B_Puglia,18780,,,high,2448,,Fountain - MU23F_2014
5fc4c88e-1b5c-20b5-934d-62150b8c5924,45.459209,12.356117,,86.65986651,33,Circle,MU05F,FALSE,,8,spout,76,8,0,JPEG,3264,86,,metal,1,,,City of Venice,,,0,40,80,50,,45,50,,TRUE,Murano,Calle del Convento Pescheria,MU05,Other,2972.659867,,,medium,1840,,Fountain - MU05F_2014
60ef32f7-8acd-c01b-13c9-ab38e781ee88,45.44314986,12.32479991,One holes,0,0,other,CN307F,FALSE,,8,spout,49,17,1.1,JPEG,3264,57,TRUE,stone,1,66,90,VESTA,unknown,TRUE,0,0,low,none,15,10,0,TRUE,FALSE,Cannaregio,Campo S. Geremia,CN307,well,unknown,0,fountain,medium,2448,unknown,Fountain - CN307F_2014
614c9c49-3822-959b-ba0b-1be2fa4b15e5,45.4388908,12.3427085,There's a push button,2343,238,square with rounded corners,CS6368F,TRUE,,8,lion,80,8,6.6,JPEG,3264,138,FALSE,metal,1,108,5,City of Venice,unknown,FALSE,10,0,medium,none,unknown,5,3,FALSE,TRUE,Castello,Calle de la Cavallerizza,CS6368,type B,14054,0,fountain,medium,2448,59.5,Fountain - CS6368F_2014
620f731c-3902-2a87-3fb1-cfc11c73e492,45.43979713,12.3325576,,3234,238,square with rounded corners,SP1677F,TRUE,basin filled with concrete,8,lion,81,8,0,JPEG,3264,124,FALSE,metal,1,20,0,City of Venice,unknown,TRUE,0,0,high,some,20,80,30,TRUE,TRUE,San Polo,Sotoportego del Pin o de la Scrimia,SP1677,type B,14054,0,fountain,low,2448,59.5,Fountain - SP1677F_2014
638fe3cf-9855-f132-7964-c353c10f442e,45.43001142,12.32408017,two spouts,2314,190,octagon,DD401F,FALSE,two spouts,8,lion,94,9,"3.9, 0.1",JPEG,3264,124,TRUE,stone,2,22,0,VESTA,S. Trovaso,FALSE,20,0,high,none,16,0,0,TRUE,TRUE,Dorsoduro,Zatare al Ponte Longo,DD401,other,25874,0,fountain,high,2448,26.8,Fountain - DD401F_2014
64410ad1-e763-8183-b7f2-599da21161f5,45.43429163,12.32856022,Cracked lid; basin filled with concrete; missing side of base,3234,238,square with rounded corners,SM3299F,FALSE,cracked lid; basin filled with concrete; missing side of base,8,lion,80,8,0,JPEG,3264,140,FALSE,metal,1,45,5,VESTA,S. Stefano,TRUE,5,0,medium,some,28,80,15,FALSE,FALSE,San Marco,Corte Lezze,SM3299,type B,14054,0,fountain,low,2448,59.5,Fountain - SM3299F_2014
649931d4-7cc5-885b-9b6d-bc596f00e5d1,45.432569,12.312986,Disfunctional new metal spout attached on lion head.,1165.093761,121,Circle,DD2088F,TRUE,,8,lion,88,0,0,JPEG,3264,128,,metal,1,,,City of Venice,,,0,0,20,50,,5,0,,TRUE,Dorsoduro,"calle larga Riosa, calle larga ca matta",DD2088,Type B_Puglia,16653.09376,,,Low,2448,,Fountain - DD2088F_2014
65a23269-7b14-6876-4890-aa9d516cb358,45.43836248,12.34525972,Had top drinking hole,625,100,square,CS6550F,TRUE,,8,spout,67,18,7.7,JPEG,3264,99,FALSE,metal,1,107,0,City of Venice,Ss. Giovanni e Paolo,FALSE,45,0,medium,none,unknown,20,2,FALSE,TRUE,Castello,Campo de S. Giustina Detto de Barbaria,CS6550,other,7775,0,fountain,high,2448,25,Fountain - CS6550F_2014
67b27136-85bb-b77f-b75c-24037dbc78b0,45.44594443,12.31872707,Tybe B with no base,452,79,circle,CN718F,FALSE,type b with no base,8,lion,80,8,0,JPEG,3264,97,FALSE,metal,1,105,2,City of Venice,unknown,FALSE,0,0,Low,None,22,5,5,TRUE,TRUE,Cannaregio,Campiello de le Becarie,CN718,other,7505,0,fountain,Low,2448,unknown,Fountain - CN718F_2014
690b2acb-0220-b586-a429-f18ecc2d4bca,45.495096,12.412502,,1008.0625,127,Square,TL0F,FALSE,,8,lion,102,13,1.66,JPEG,3264,150,,metal,1,,,City of Venice,,,10,0,50,0,,50,10,,TRUE,Torcello,Fondamenta Inbarcadero,TL0,Type H_Neri,20227.0625,,,high,1840,,Fountain - TL0F_2014
693a148f-0c65-f70e-ff6c-8c5f9117c880,45.43713613,12.3244699,,601,82,octagon,SP3097F,FALSE,,8,spout,61,14,3.1,JPEG,3264,88,TRUE,metal,1,14,2,City of Venice,unknown,FALSE,30,0,medium,none,17,20,10,TRUE,TRUE,San Polo,Calle Larga o Campiello de le Chiovere,SP3097,type D,6359,0,fountain,high,2448,26.8,Fountain - SP3097F_2014
6a1d88a8-c561-7b46-5261-0d987dfa8129,45.42971562,12.32871981,,3234,238,square with rounded corners,DD822F,TRUE,,8,lion,81,8,3.7,JPEG,3264,146,FALSE,metal,1,7,1,City of Venice,Gesuati,TRUE,20,0,medium,none,12,1,3,TRUE,TRUE,Dorsoduro,Piscina S. Agnese,DD822,type B,14054,0,fountain,medium,2448,59.5,Fountain - DD822F_2014
6a40321b-06d5-3b4f-17d3-fefb3867ac68,45.43648013,12.32872026,,601,82,octagon,SP2759F,FALSE,,8,spout,59,14,0,JPEG,3264,88,FALSE,metal,1,15,2,City of Venice,Frari,FALSE,10,0,medium,none,15,15,0,TRUE,TRUE,San Polo,Calle dei Nomboli,SP2759,type D,6359,0,fountain,medium,2448,26.8,Fountain - SP2759F_2014
6e8cfd82-9845-9164-fadc-1a879506b3e0,45.44699864,12.32655144,,3234,238,square with rounded corners,CN3215F,FALSE,,8,lion,80,8,0.77,JPEG,3264,140,FALSE,metal,1,72,0,VESTA,unknown,TRUE,5,0,medium,None,18,40,3,TRUE,FALSE,Cannaregio,Calle dei Riformati,CN3215,type B,14054,0,fountain,medium,2448,59.5,Fountain - CN3215F_2014
73141432-7925-3174-192c-e683e536809e,45.4417823,12.3371967,There's a 'push' button. Blocked drain,3234,238,square with rounded corners,CN4688F,FALSE,,8,lion,83,8,6.2,JPEG,3264,125,FALSE,metal,1,60,0,City of Venice,Ss. Apostoli,TRUE,15,0,medium,none,20,5,5,TRUE,TRUE,Cannaregio,Rio Ter_ Barba Frutariol,CN4688,type B,14054,0,fountain,medium,1840,59.5,Fountain - CN4688F_2014
771526d8-e193-29d9-8f4d-ac99272a7f88,45.433001,12.338961,,1052.412061,115,Circle,SM0F,FALSE,,8,spout,66,13,1.4,JPEG,3264,117,,stone,1,,,City of Venice,,,15,0,50,0,,0,5,,TRUE,San Marco,riva degli schiavoni,SM0,other,14585.41206,,,High,2448,,Fountain - SM0F_2014
77b8fc5e-4553-c118-9b62-c53b0c193f01,45.43730507,12.34805784,,3234,238,rectangle,CS3037F,FALSE,,8,lion,74,11,0,JPEG,3264,139,FALSE,metal,1,84,0,VESTA,S. Francesco de la Vigna,TRUE,0,0,low,None,19,5,15,FALSE,FALSE,Castello,Ramo de la Vida,CS3037,type B,14054,0,fountain,low,2448,59.5,Fountain - CS3037F_2014
7878c3f7-df46-49fd-3623-e965f64a5001,45.485607,12.415171,,462.25,86,Square,BN25F,TRUE,,8,lion,85,0,0,JPEG,3264,125,,metal,1,,,City of Venice,,,0,10,50,0,,20,5,,TRUE,Burano,Corte Compare,BN25,Type B_Puglia,11212.25,,,high,2448,,Fountain - BN25F_2014
792b111e-b03a-99a1-39a9-26e290f96bb0,45.431101,12.323637,,3781.839758,218,Circle,DD1439F,FALSE,,,lion,70,0,0,,,120,,stone,1,,,City of Venice,,,15,0,15,0,,0,0,,TRUE,Dorsoduro,campo ognissanti,DD1439,Other,29941.83976,,,Medium,,,Fountain - DD1439F_2014
7be249f1-cda3-0261-c441-1a9560046108,45.43343985,12.33500024,basin and grate filled with concrete,3234,238,square with rounded corners,SM2058F,FALSE,basin and grate filled with concrete,8,lion,80,8,0,JPEG,3264,116,FALSE,metal,0,41,0,VESTA,S. Maria Zobenigo,TRUE,0,0,medium,some,18,95,0,FALSE,FALSE,San Marco,Piscina S. Moise',SM2058,type B,14054,0,fountain,medium,2448,59.5,Fountain - SM2058F_2014
7e6fcaf6-9c7c-5d1e-61f1-152c3bda597f,45.434224,12.3255869,,1256,126,circle,DD3261F,FALSE,,8,spout,77,20,0,JPEG,3264,151,FALSE,metal,1,11,1,City of Venice,Carmini,FALSE,0,0,low,none,24,0,1,TRUE,TRUE,Dorsoduro,Calle de la Madona,DD3261,type C,12139,0,fountain,high,2448,unknown,Fountain - DD3261F_2014
8310b2dc-2696-c9a9-e73b-b4d4eab58985,45.486709,12.419411,Spout cap screwed. Used as plants pole,71.61972439,30,Circle,BN675F,FALSE,,8,spout,80,0,0,JPEG,3264,110,,metal,1,,,City of Venice,,,0,0,50,50,,100,20,,TRUE,Burano,F.ta Mandracchio S.M. dx civ.787,BN675,Type G_Tubo,3371.619724,,,low,1840,,Fountain - BN675_2014
83e83cfd-8700-12c7-a0a6-707ef6567be6,45.45748,12.351335,,602.3218821,87,Circle,MU1F,TRUE,,8,lion spout,94,0,4.2,JPEG,3264,140,,metal,1,,,City of Venice,,,30,0,50,0,,20,5,,TRUE,Murano,Fondamenta Sebasiano Venier,MU1,Type B_Puglia,12782.32188,,,high,2448,,Fountain - MU1F_2014
86baceb8-4820-f69f-8629-1f77340b6762,45.43322882,12.35079296,,3234,238,square with rounded corners,CS2157F,TRUE,,8,lion,80,8,2.1,JPEG,3264,150,FALSE,stone,1,91,1,City of Venice,S. Martin,TRUE,30,5,medium,none,2,10,15,TRUE,TRUE,Castello,Campo de la Tana,CS2157,type B,14054,0,fountain,medium,2448,59.5,Fountain - CS2157F_2014
88a924c9-e9f7-1c40-e3de-a5296c4e0af4,45.43485164,12.31991503,,770,114,rectangle,DD2509F,FALSE,,8,lion,90,7,2.9,JPEG,3264,98,TRUE,metal,1,35,15,VESTA,Anzolo Rafael,FALSE,70,15,medium,some,38,30,10,TRUE,FALSE,Dorsoduro,Fondamenta dei Cereri,DD2509,type E,8112,0,fountain,high,2448,28.5,Fountain - DD2509F_2014
88ad2f55-ba20-c6c5-79da-2e5beea05580,45.43733318,12.34872549,there's a 'push' button,601,82,octagon,CS3060F,FALSE,,8,spout,67,19,6.6,JPEG,3264,87,FALSE,metal,1,85,0,City of Venice,S. Francesco de la Vigna,FALSE,15,0,medium,none,25,10,10,TRUE,TRUE,Castello,Campo S. Ternita,CS3060,type D,6359,0,fountain,high,2448,26.8,Fountain - CS3060F_2014
88e7fe43-b873-f95d-c6b4-ddf2c0a66863,45.43615142,12.34860468,,601,82,octagon,CS2612F,FALSE,,8,spout,81,20,0,JPEG,3264,93,FALSE,stone,1,88,0,City of Venice,unknown,FALSE,0,0,none,none,8,3,5,TRUE,TRUE,Castello,Campo dei Do Pozzi,CS2612,type D,6359,0,fountain,high,2448,26.8,Fountain - CS2612F_2014
89caa6f5-e12e-83b2-806f-adedad2b5a53,45.435933,12.338454,,0,0,Circle,SM594F,FALSE,,8,spout,54,20,5.6,JPEG,3264,57,,metal,0,,,City of Venice,,,0,0,10,50,,50,10,,FALSE,San Marco,Campiello S. Zulian,SM594,well_Pozzo,420,,,medium,2448,,Fountain - SM594F_2014
89f5672d-c94a-d62e-d324-cc64650e783f,45.43476422,12.34559204,Lid missing and covered with plastic bag. Drain filled with dirt.,3234,238,square with rounded corners,CS3637F,FALSE,lid missing,8,lion,80,8,0,JPEG,3264,125,TRUE,metal,1,79,5,City of Venice,S. Giovanni in Bragora,TRUE,0,0,low,some,13,95,20,FALSE,TRUE,Castello,Campiello Drio la Pieta',CS3637,type B,14054,0,fountain,medium,2448,59.5,Fountain - CS3637F_2014
8aa46d7b-d2fe-3b42-bc68-74fda68bb1e9,45.4453418,12.33288076,basin filled with concrete; missing top,3234,238,square with rounded corners,CN3401F,TRUE,basin filled with concrete; missing top,8,lion,80,8,0,JPEG,3264,124,FALSE,metal,1,63,0,VESTA,unknown,TRUE,5,0,Low,Many,2,90,0,FALSE,FALSE,Cannaregio,Corte Tintoretto,CN3401,type B,14054,0,fountain,low,2448,59.5,Fountain - CN3401F_2014
8b317071-5cd9-5a2d-26e1-537d186803a8,45.42449426,12.32795693,,3234,238,square with rounded corners,DD381F,FALSE,,8,lion,80,8,0,JPEG,3264,140,FALSE,metal,1,54,85,City of Venice,unknown,TRUE,0,0,medium,Many,32,40,50,FALSE,FALSE,Dorsoduro,Campo de la Sponsa,DD381,type B,14054,0,fountain,medium,2448,59.5,Fountain - DD381F_2014
8d82777c-6636-d013-b648-3c2ea1ea9f1a,45.487106,12.417116,,58.01197676,27,Circle,BN437F,FALSE,,8,faucet,80,28,0,JPEG,3264,100,,metal,1,,,City of Venice,,,0,0,50,50,,50,16,,TRUE,Burano,Calle dei Babbuini,BN437,Type G_Tubo,3038.011977,,,medium,1840,,Fountain - BN437F_2014
8ef737ea-29e1-9410-0a65-3e22017882a8,45.432244,12.329358,,0,0,Circle,SM2860F,FALSE,,8,spout,54,20,2.9,JPEG,3264,57,,metal,0,,,City of Venice,,,0,0,10,50,,50,10,,FALSE,San Marco,Campo S. Vidal,SM2860,well_Pozzo,420,,,High,2448,,Fountain - SM2860F_2014
8f25a358-6731-e9fe-1b87-fe6221ae52c0,45.44394253,12.32347041,Missing top and spout,601,82,other,CN421F,FALSE,missing top and spout,8,spout,52,18,0,JPEG,3264,67,FALSE,metal,1,67,75,City of Venice,unknown,TRUE,0,0,low,Some,13,50,1,FALSE,TRUE,Cannaregio,Rugo Do Pozzi,CN421,well,4135,1110,fountain,medium,2448,unknown,Fountain - CN421F_2014
8f851c01-75ea-ae40-7ff0-c910e812db0c,45.486777,12.405945,,289,68,Square,BN24F,FALSE,,8,spout,70,11,0,JPEG,3264,110,,metal,1,,,City of Venice,,,0,0,50,0,,50,15,,TRUE,Burano,Fondamenta Mazzorbo,BN24,Type H_Neri,7923,,,low,1840,,Fountain - BN24F_2014
91d1e8b4-5d75-664b-8ff0-9544e2d1c4de,45.429989,12.331161,,0,0,Circle,DD484F,FALSE,,8,spout,46,23,0,JPEG,3264,59,,metal,0,,,City of Venice,,,0,0,0,50,,50,5,,FALSE,Dorsoduro,Corte del sabion,DD484,well_Pozzo,483,,,Low,2448,,Fountain - DD484F_2014
928edc7b-872b-1322-a9cc-c2eb31b0af40,45.43945081,12.32616309,,601,82,octagon,SC1012F,FALSE,,8,spout,61,18,0,JPEG,3264,88,FALSE,metal,1,28,1,City of Venice,unknown,FALSE,0,0,Low,None,27,3,1,FALSE,TRUE,Santa Croce,Campo de le Strope,SC1012,type D,6359,0,fountain,medium,2448,26.8,Fountain - SC1012F_2014
943415c6-a7da-c1a9-9acb-3a819404c1d0,45.43538444,12.33236984,,601,82,octagon,SM3958F,FALSE,,8,spout,60,18,0,JPEG,3264,90,FALSE,metal,1,47,0,City of Venice,S. Luca,FALSE,0,0,low,some,29,5,5,FALSE,TRUE,San Marco,Campo S. Beneto,SM3958,type D,6359,0,fountain,medium,2448,26.8,Fountain - SM3958F_2014
97b60215-ccc3-4e5c-0bdd-9c85a269aa2d,45.44538229,12.32683145,,20250,180,square,CN2875F,TRUE,,8,spout,69,17,1.8,JPEG,3264,130,TRUE,metal,4,70,5,City of Venice,S. Marcuola,FALSE,10,2,medium,none,12,1,5,TRUE,TRUE,Cannaregio,Campo del Gheto Novo,CN2875,type A,12544,0,fountain,high,2448,45,Fountain - CN2875F_2014
97f9741c-b5d7-0c53-2fb1-e772ac1a4ed8,45.43948767,12.32983718,,3234,238,square with rounded corners,SC2126,FALSE,buried under Insula equipment,,lion,0,0,0,,,unknown,FALSE,metal,1,23,0,VESTA,unknown,FALSE,0,0,medium,some,16,80,10,FALSE,FALSE,Santa Croce,Corte Rota,SC2126,type B,14054,0,fountain,unknown,,59.5,Fountain - SC0F_2014
98aa503b-c55a-7ebe-9fef-35908fe020fc,45.4294874,12.35597183,spout with two holes.,961,124,square,CS0F,FALSE,in a playground; very close to CS00F.,8,spout,138,13,10,JPEG,3264,130,TRUE,metal,1,103,0,City of Venice,unknown,FALSE,30,0,medium,none,31,0,2,TRUE,TRUE,Castello,Viale Trento,unknown,other,16120,0,fountain,medium,2448,31,Fountain - CS0F_2014
9a047489-b33d-d245-68f5-511f7232d3cd,45.43229193,12.35452925,,3234,238,square with rounded corners,CS1808F,TRUE,,8,lion,80,8,8.3,JPEG,3264,150,TRUE,metal,1,95,5,City of Venice,S. Francesco de Paula,TRUE,35,5,medium,none,26,15,20,TRUE,TRUE,Castello,Via Garibaldi,CS1808,type B,14054,0,fountain,high,2448,59.5,Fountain - CS1808F_2014
9c9957a9-0bb3-1108-84a8-f4df565039be,45.445518,12.3321,dip at drainage,0,0,Circle,CN3384F,FALSE,,8,spout,54,21,0,JPEG,3264,68,,metal,0,,,City of Venice,,,0,0,1,0,,50,0,,FALSE,Cannaregio,campo Dei mori,CN3384,Well_Pozzo,441,,,high,2448,,Fountain - CN3384_2014
9fdfd3d0-0f5b-b560-3379-65e42e21f436,45.43936398,12.32262706,spout broken,1256,126,circle,SC595F,TRUE,spout broken,8,spout,82,9,0,JPEG,3264,155,FALSE,metal,1,30,10,VESTA,unknown,FALSE,0,0,None,some,9,5,1,FALSE,FALSE,Santa Croce,Calle dei Bergamaschi,SC595,type C,12139,0,fountain,Low,2448,unknown,Fountain - SC595F_2014
a5465927-263a-6173-5bee-af1385744002,45.43642358,12.32577003,,601,82,octagon,SP3137F,FALSE,,8,spout,61,18,1.8,JPEG,3264,88,TRUE,metal,1,12,3,City of Venice,Frari,FALSE,40,0,medium,none,14,20,1,TRUE,TRUE,San Polo,Campiello S. Rocco,SP3137,type D,6359,0,fountain,medium,2448,26.8,Fountain - SP3137F_2014
a5b76a67-0fd9-4284-b114-a0e4aaaf5d75,45.44442067,12.32221881,Top was covered with metal sheet. Drain filled with dirt and plants. Spout was plugged up.,3234,238,square with rounded corners,CN529F,TRUE,drain is a flower pot (filled with soil),8,lion,80,8,0,JPEG,3264,142,FALSE,metal,1,68,95,VESTA,unknown,TRUE,0,0,low,some,11,1,5,FALSE,FALSE,Cannaregio,Corte Cendon,CN529,type B,14054,0,fountain,low,2448,59.5,Fountain - CN529F_2014
a700fe43-c0bb-384d-741c-9b8551174cab,45.453901,12.351769,,602.3218821,87,Circle,MU2F,FALSE,,8,lion spout,97,0,5.6,JPEG,3264,138,,metal,1,,,City of Venice,,,30,0,50,50,,15,4,,TRUE,Murano,Campiello de la Pescheria,MU2,Type B_Puglia,12608.32188,,,high,2448,,Fountain - MU2F_2014
ab971fd7-a797-55a4-d293-c4b9576c4e87,45.43335374,12.32905834,,3234,238,square with rounded corners,SM3089F,FALSE,,8,lion,80,8,0,JPEG,3264,140,FALSE,metal,1,43,0,VESTA,S. Stefano,TRUE,0,5,medium,some,18,90,4,FALSE,FALSE,San Marco,Corte de la Vida,SM3089,type B,14054,0,fountain,medium,2448,59.5,Fountain - SM3089F_2014
ad1bdd50-27ff-2675-8f47-05165adf0738,45.497866,12.417784,,3167510.063,7119,Square,TL29F,FALSE,,8,spout,82,20,0,JPEG,3264,97,,stone,1,,,City of Venice,,,30,0,50,0,,0,20,,TRUE,Torcello,Fronte Locanda Cipriani,TL29,Other,3858453.063,,,high,1840,,Fountain - TL29F_2014
aec0bd6d-62e9-6a3b-e290-d71981129ce9,45.42578923,12.32564759,Dysfunctional extended spout.,3234,238,square with rounded corners,DD476F,TRUE,,8,lion,80,8,0,JPEG,3264,140,FALSE,metal,1,55,5,City of Venice,unknown,TRUE,45,0,medium,some,24,5,25,FALSE,TRUE,Dorsoduro,Campiello del Forno,DD476,type B,14054,0,fountain,medium,2448,59.5,Fountain - DD476F_2014
b023580a-c0c1-b126-b75b-dbd62c65ede1,45.43712713,12.3192182,4:40pm nov 11,770,114,rectangle,SC454F,FALSE,,8,lion,89,6,0,JPEG,3264,98,TRUE,metal,1,31,5,City of Venice,Tolentini,FALSE,0,0,medium,none,21,30,2,TRUE,TRUE,Santa Croce,Campazzo Treponti,SC454,type E,8102,0,fountain,medium,2448,28.5,Fountain - SC454F_2014
b14e9c5d-cebd-ae3a-f1cc-dd967cf905f4,45.427343,12.317235,,85.5625,37,Square,DD01F,FALSE,,8,spout,93,12,0,JPEG,3264,108,,metal,1,,,City of Venice,,,5,0,35,0,,5,0,,FALSE,Dorsoduro,campo Dei lavraneri,DD01,other,4165.5625,,,High,2448,,Fountain - DD01F_2014
b2dfe312-aef1-5006-36b5-15caa7d97b3c,45.44143342,12.33395113,,20250,180,square,CN3821F,TRUE,,8,spout,74,20,1.6,JPEG,3264,132,TRUE,metal,1,61,5,City of Venice,S. Felice,FALSE,20,20,low,None,19,5,5,TRUE,TRUE,Cannaregio,Corte dei Pali gi_ Testori,CN3821,type A,12544,0,fountain,medium,2448,45,"Fountain - CN3821F_2014"
b2e9b474-7310-0285-92ce-6935db297e8f,45.456159,12.352872,,962.8874057,110,Circle,MU21F,TRUE,,8,lion spout,50,0,0,JPEG,3264,98,,metal,1,,,City of Venice,,,0,0,50,0,,20,5,,TRUE,Murano,Corte de la vida,MU21,Other,11742.88741,,,low,2448,,Fountain - MU21F_2014
b33f708e-6254-570f-9d7f-7e85e67a873a,45.436225,12.327667,There's an extended metal spout,644.5775195,90,Circle,SP2841F,FALSE,,8,spout,57,25,14.9,JPEG,3264,91,,metal,1,,,City of Venice,,,15,0,50,50,,15,5,,TRUE,San polo,campiello scoazzera,SP2841,Type D_Ott. Basso,9209.57752,,,Low,2448,,Fountain - SP2841F_2014
b58b30ed-05c8-3966-8f6b-f1c4a1acc26b,45.43290459,12.35358026,Spout broken. Flooded basin.,615,90,circle,CS1971F,FALSE,spout broken,8,spout,60,5,0,JPEG,3264,80,FALSE,metal,1,96,5,VESTA,unknown,FALSE,0,0,low,some,13,80,20,FALSE,FALSE,Castello,Corte Coltrera,CS1971,type F,unknown,0,fountain,medium,2448,unknown,Fountain - CS1971F_2014
b5b88ae5-7e64-cd2e-e089-2950de26e3b1,45.489127,12.412089,In public park. There's a push button on the right side,1024,128,Square,BN0F,FALSE,,8,lion,104,12,4.2,JPEG,3264,143,,metal,1,,,City of Venice,,,10,0,50,0,,0,10,,TRUE,Marzzorbo,Publico parco,BN0,Type H_Neri,19472,,,medium,2448,,Fountain - BN0F_2014
b60ca866-71e9-d672-7052-ea3be640aff0,45.440238,12.338336,,0,0,Circle,CN5531F,FALSE,,8,Spout,46,22,0,JPEG,3264,62,,metal,0,,,City of Venice,,,10,0,1,50,,60,10,,FALSE,Cannaregio,campo s. Canzian,CN5531,Well_Pozzo,462,,,Medium,1840,,Fountain - CN5531_2014
b6f2d4ba-7640-8a06-131c-040103b0b6ba,45.456261,12.354796,Missing top.,588.5549796,86,Circle,MU33F,TRUE,,8,spout,100,0,4.4,JPEG,3264,125,,metal,1,,,City of Venice,,,50,0,50,50,,20,5,,TRUE,Murano,Fondamenta cavour longa,MU33,Type B_Puglia,11338.55498,,,High,2448,,Fountain - MU33F_2014
b6f331cc-5ffd-7a69-6986-1d4174f68dc0,45.43491074,12.32590878,,601,82,hexagon,DD3861F,FALSE,,8,spout,61,18,6.1,JPEG,3264,88,TRUE,metal,1,38,5,City of Venice,unknown,FALSE,25,5,medium,some,23,15,10,TRUE,TRUE,Dorsoduro,Calle Larga Foscari,DD3861,type D,6359,0,fountain,medium,2448,13.7,Fountain - DD3861F_2014
b7bdc407-578e-a8f2-dc12-aa3623bfc4e6,45.43191618,12.35160195,,3234,238,square with rounded corners,CS1627F,FALSE,,8,lion,80,10,0,JPEG,3264,140,FALSE,metal,1,93,0,City of Venice,unknown,TRUE,0,0,medium,none,32,50,10,TRUE,TRUE,Castello,Calle del Squero,CS1627,type B,14054,0,fountain,low,2448,59.5,Fountain - CS1627F_2014
b7dc4f3c-a65d-ffc2-1f20-661dd70624ab,45.439427,12.333552,,0,0,Circle,SP561F,FALSE,,8,Spout,60.5,22,Unknown,JPEG,3264,65,,metal,0,,,City of Venice,,,0,0,1,50,,20,0,,FALSE,San Polo,campo de le beccarie,SP561,well_Pozzo,418,,,High,2448,,Fountain - SP561F_2014
b8087027-0d63-f165-5b14-dd01557ce015,45.484746,12.415025,Drain and service panel filled. Spout was possibly capped.,103.1324031,36,Circle,BN000F,FALSE,,8,unknown,80,0,0,JPEG,3648,96,,metal,1,,,City of Venice,,,0,0,50,50,,90,5,,FALSE,Burano,Ex Pescheria Giudecca,BN000,Type G_Tubo,3559.132403,,,medium,2736,,Fountain - BN000F_2014
b8162342-6501-b621-63f7-b03d83b68cb0,45.44172405,12.33613502,spout broken.,601,82,octagon,CN4174F,FALSE,,8,spout,52,18,0,JPEG,3264,70,FALSE,metal,1,109,0,VESTA,unknown,FALSE,0,0,None,many,unknown,50,80,FALSE,FALSE,Cannaregio,Calle Rielo,CN4174,type D,6359,0,fountain,Medium,1840,26.8,Fountain - CN4174F_2014
bb04b485-2299-e568-0c34-b575f9a17b19,45.458831,12.409511,,576,96,Square,SE46F,TRUE,,8,lion spout,68,21,2.6,JPEG,3264,127,,metal,1,,,City of Venice,,,20,5,50,0,,10,0,,FALSE,S.Erasmo,Piazza,SE46,other,13125,,,high,2448,,Fountain - SE46F_2014
bc750f4b-4813-2e5f-faa6-241583fb61c7,45.458308,12.351468,,286.4788976,60,Circle,MU10F,TRUE,,8,spout,57,20,0,JPEG,3264,103,,metal,1,,,City of Venice,,,0,0,50,0,,0,5,,TRUE,Murano,Calle del Cimitero,MU10,Other,6766.478898,,,medium,2448,,Fountain - MU10F_2014
bd81c5a1-2550-1ebf-7a56-1d697ac6ed2b,45.43302633,12.35755021,New extended spout.,0,0,circle,CS254F,FALSE,,8,lion,74,11,0,JPEG,3264,96,FALSE,metal,1,98,0,City of Venice,S. Piero de Castelo,FALSE,0,0,low,some,29,20,15,FALSE,TRUE,Castello,Corte de Ca' Bianco,CS254,type F,unknown,0,fountain,low,2448,unknown,Fountain - CS254F_2014
bea23fb2-3eee-2fca-d61c-b52d623d160e,45.439692,12.330445,,0,0,Circle,SC2177F,FALSE,,8,spout,51,23,0,JPEG,3264,63,,metal,0,,,City of Venice,,,0,0,5,0,,40,5,,FALSE,Santa croce,campo s. Maria mater domini,SC2177,well_Pozzo,483,,,high,2448,,Fountain - SC2177F_2014
bfe40f27-618d-7cc1-7bc4-e88ac958d3c9,45.42450333,12.333445,Top missing and partially filled with concrete.,3234,238,square with rounded corners,DD172F,FALSE,surrounding pavement raised; flat metal cap,8,lion,80,8,2.7,JPEG,3264,123,FALSE,metal,1,51,0,City of Venice,Gesuati,TRUE,60,5,medium,some,24,15,5,TRUE,TRUE,Dorsoduro,Campiello de la Croce,DD172,type B,14054,0,fountain,low,2448,59.5,Fountain - DD172F_2014
c00fb60c-b5fe-d939-1e8f-7735bf2eda8f,45.43067352,12.35885953,,1025,120,octagon,CS787F,FALSE,,8,lion,76,7,5,JPEG,3264,118,FALSE,stone,1,101,0,City of Venice,unknown,FALSE,15,15,medium,some,34,0,35,TRUE,TRUE,Castello,Corte de le Case Nove,CS787,other,13200,0,fountain,low,2448,26.8,Fountain - CS787F_2014
c1057c1c-3122-8ac1-7272-7f28b2acf0e3,45.43406659,12.32362033,etched mermaid.,770,114,rectangle,DD3006F,FALSE,slightly below surrounding pavement,8,spout,72,18,3.1,JPEG,3264,105,FALSE,stone,1,10,0,City of Venice,unknown,FALSE,30,4,medium,some,0,0,1,TRUE,TRUE,Dorsoduro,Campo S. Margherita,DD3006,other,11525,0,fountain,high,2448,28.5,Fountain - DD3006F_2014
c3041580-72a7-f3ac-db72-ba0588853a53,45.43270286,12.31708632,faucet missing,1256,126,circle,DD3090F,FALSE,faucet missing,8,spout,0,0,0,JPEG,3264,154,FALSE,metal,1,36,0,VESTA,unknown,FALSE,0,1,medium,some,22,50,10,FALSE,FALSE,Dorsoduro,Campiello S. Lorenzo,DD3090,type C,12139,0,fountain,medium,2448,unknown,Fountain - DD3090F_2014
c4b12c53-f3c7-35b3-47fb-9ea0fc8d3e39,45.43743922,12.34788212,Lid missing; replaced with flowerpot/plant,484,88,square,CS2986F,FALSE,lid missing; replaced with flowerpot/plant,8,spout,56,12,0,JPEG,3264,87,FALSE,metal,1,83,0,VESTA,unknown,FALSE,0,0,Medium,some,2,15,1,TRUE,FALSE,Castello,Corte de la Borsa,CS2986,other,7656,0,fountain,Low,2448,22,Fountain - CS2986F_2014
c80daaf1-9097-99e9-ffe5-bcbd0d9cb4f5,45.44102472,12.34123229,,95,35,circle,CN6253F,FALSE,,8,spout,65,14,0,JPEG,3264,82,FALSE,metal,1,58,0,VESTA,unknown,FALSE,0,0,Low,some,27,50,5,FALSE,FALSE,Cannaregio,Corte del Paludo,CN6253,type F,4135,0,fountain,Low,1840,13,Fountain - CN6253F_2014
c8e4eb69-1462-cee0-29db-1704073c8a1d,45.42897609,12.3339586,,3234,238,square with rounded corners,DD258F,FALSE,top missing; drain broken (in basin),8,lion,76,11,0.15,JPEG,3264,124,TRUE,metal,1,1,99,VESTA,Gesuati,TRUE,5,0,low,none,13,1,5,TRUE,TRUE,Dorsoduro,Rio Ter_ ai Saloni,DD258,type B,14054,0,fountain,medium,2448,59.5,Fountain - DD258F_2014
c975b2f6-6120-acfc-5700-9197f0d1c7db,45.43254748,12.34984379,Broken spout,3312,2360,rectangle,CS2177F,FALSE,,8,spout,90,12,0,JPEG,3264,147,TRUE,metal,1,92,0,VESTA,S. Martin,TRUE,0,0,medium,some,36,10,30,FALSE,FALSE,Castello,Campo S. Biasio,CS2177,other,21756,0,fountain,high,2448,59,Fountain - CS2177F_2014
c9c9bf75-79c9-7f0a-73cd-f30903b9725b,45.4442662,12.33346407,Doggy dish,1256,126,circle,CN3577F,FALSE,,8,other,80,15,2.1,JPEG,3264,155,FALSE,metal,1,62,1,City of Venice,unknown,FALSE,5,10,medium,some,20,5,5,TRUE,TRUE,Cannaregio,Campiello Trevisan,CN3577,type C,12139,0,fountain,medium,2448,unknown,Fountain - CN3577F_2014
ca778a2a-11bf-0015-cbe8-0db599df1b97,45.43224763,12.32118947,Set approximately 6 cm below street level.,1256,126,circle,DD1615F,FALSE,might be concrete spilt on it; set approximately 6 cm below street level,8,spout,78,19,0,JPEG,3264,154,FALSE,metal,1,9,85,City of Venice,S. Trovaso,FALSE,0,0,low,none,26,1,3,TRUE,TRUE,Dorsoduro,Calle de l'Avogaria,DD1615,type C,12139,0,fountain,medium,2448,unknown,Fountain - DD1615F_2014
cc4084bf-7c43-db4f-f821-e0838e8d0c5a,45.432821,12.331548,,0,0,Circle,SM2759F,FALSE,,8,spout,47,20,2,JPEG,3264,57,,metal,0,,,City of Venice,,,0,0,0,0,,80,5,,FALSE,San marco,campo s. Maurizio,SM2759,well_Pozzo,400,,,High,2448,,Fountain - SM2759F_2014
ce79d8ab-1447-5c1e-ce78-a0e7860fe0b6,45.441675,12.339441,Drain filled with concrete. Top missing.,462.25,86,Square,CN5268F,TRUE,,8,lion,97,0,0,JPEG,3264,125,,metal,1,,,City of Venice,,,0,50,50,50,,80,40,,FALSE,Cannaregio,Corte Contarina,CN5268,Type B_Puglia,11212.25,,,low,1840,,Fountain - CN5268F_2014
d369991d-f29f-e471-514d-3bef3110855d,45.42965315,12.36021812,,681,88,octagon,CSF,FALSE,,8,lion,0,0,1.8,JPEG,3264,123,FALSE,stone,1,102,0,City of Venice,unknown,FALSE,60,5,medium,some,33,0,10,TRUE,TRUE,Castello,Viale IV Novembre,unknown,other,10824,10,fountain,medium,2448,26.8,Fountain - CSF_2014
d3feccb9-c7d0-f3b2-9974-eae329c1f78d,45.442079,12.32168,top filled with concrete.,1303.797294,128,Circle,CN102F,FALSE,,8,other,85,7.5,0,JPEG,3264,91,,metal,1,,,City of Venice,,,0,0,50,50,,60,15,,TRUE,Cannaregio,Calle priuli ai cavalleti,CN102,Other,13064.29729,,,medium,2448,,Fountain - CN102_2014
d53b0366-947e-4313-2d04-822c034ac99c,45.446609,12.330831,,1203.927567,123,Circle,CN3497F,TRUE,,8,lion,83,0,0,JPEG,3264,139,,metal,1,,,City of Venice,,,15,0,50,0,,10,3,,TRUE,Cannaregio,corte del cavallo,CN3497,Type B_Puglia,18300.92757,,,medium,2448,,Fountain - CN3497_2014
d59df26b-a6be-dc55-1865-5604146ef2ee,45.43810528,12.33748857,"Missing top, fountain filled with concrete, drain filled with dirt.",601,82,octagon,SM5509F,FALSE,top is missing,8,spout,60,12,0,JPEG,3264,75,FALSE,metal,1,49,0,VESTA,S. Salvador,FALSE,0,5,medium,many,23,75,20,FALSE,FALSE,San Marco,Corte del l'Orso,SM5509,type D,6359,0,fountain,low,1840,26.8,Fountain - SM5509F_2014
d61898a6-363a-52eb-f1e5-a535bd52f2af,45.43869054,12.33524037,"four heads and a surrounding tub, four heads; looks like a real fountain; faces all of the same design; side with ""Anno 1915"" has the highest flow rate.",53264,884,octagon,SP124F,FALSE,"four heads; looks like a real fountain; faces all of the same design; side with ""Anno 1915"" has the highest flow rate.",8,other,110,6,"Side facing clock: 0.55, going clockwise 0.97, 0, 0.5",JPEG,3264,177,TRUE,stone,1,17,0,City of Venice,S. Silvestro,FALSE,15,5,medium,Some,20,0,0,TRUE,TRUE,San Polo,Sotoportego del Banco Giro,SP124,other,91496,0,fountain,high,2448,26.8,Fountain - SP124F_2014
d846359c-ec88-e12f-dd44-e92b2f59ee64,45.44650887,12.32477213,There's a pot,601,82,octagon,CN3028F,FALSE,,8,spout,61,18,1.7,JPEG,3264,90,FALSE,metal,1,71,5,City of Venice,unknown,FALSE,5,0,medium,none,26,15,3,TRUE,TRUE,Cannaregio,Calle S. Girolamo,CN3028,type D,6359,0,fountain,medium,2448,26.78,Fountain - CN3028F_2014
db2b1eb0-8bec-afd9-0bbc-a32954d8b1b3,45.452285,12.350453,,616.2479397,88,Circle,MU34F,TRUE,,8,lion spout,96,0,1.4,JPEG,3264,142,,metal,1,,,City of Venice,,,30,5,50,0,,15,10,,TRUE,Murano,Fondamenta dei Vetrai,MU34,Type B_Puglia,13112.24794,,,high,2448,,Fountain - MU34F_2014
db63666c-c6c3-d5f7-b0d0-143d90db25ab,45.483849,12.418276,Drain filled,462.25,86,Square,BN52F,TRUE,,8,lion,97,0,0,JPEG,3264,125,,metal,1,,,City of Venice,,,0,0,50,50,,50,20,,TRUE,Burano,Rio Tera Pizzo,BN52,Type B_Puglia,11212.25,,,High,2448,,Fountain - BN52F_2014
db808f63-eaed-e748-5191-f1ef6522032b,45.442413,12.377216,Missing top,976.5625,125,Square,VL21F,FALSE,,8,lion spout,87,28,4.3,JPEG,3264,117,,metal,1,,,City of Venice,,,20,0,50,50,,20,5,,TRUE,Vignole,vicinanza ponte,VL21,other,16049.5625,,,medium,2448,,Fountain - VL21F_2014
dcafc0d5-563c-aad5-bd3f-ba11cd5e2594,45.43499889,12.34737879,Water drain underneath fountain.,3234,238,square with rounded corners,CS3550F,TRUE,,8,lion,80,8,8.2,JPEG,3264,147,TRUE,metal,1,80,3,City of Venice,S. Giovanni in Bragora,TRUE,30,0,medium,none,19,5,5,TRUE,TRUE,Castello,Salizada del Pignater,CS3550,type B,14054,0,fountain,high,2448,59.5,Fountain - CS3550F_2014
dda451c2-6a56-4b72-b43d-34f77db863a2,45.426716,12.313654,Pot chained to fountain.,748.7444298,97,Circle,DD1F,FALSE,,8,spout,66,15,0,JPEG,3264,108,,stone,1,,,City of Venice,,,5,15,20,50,,0,5,,FALSE,Dorsoduro,calle beata Eugenia giustinian,DD1,Other,11344.74443,,,Medium,2448,,Fountain - DD1F_2014
de826378-cac7-a6df-e59b-38821307268e,45.42591226,12.32302115,,20250,180,square,DD626F,TRUE,,8,spout,74,20,2.4,JPEG,3264,132,FALSE,metal,1,56,0,City of Venice,unknown,FALSE,25,5,medium,none,14,1,5,TRUE,TRUE,Dorsoduro,Campo S. Cosmo,DD626,type A,12544,0,fountain,medium,2448,45,Fountain - DD626F_2014
e407ef1b-5e55-084e-ff78-97d89518ca16,45.43728154,12.3298969,,3234,238,square with rounded corners,SP2011F,FALSE,,8,lion,76,8,2.2,JPEG,3264,147,TRUE,metal,1,16,5,VESTA,S. Polo,FALSE,40,5,medium,none,33,15,0,TRUE,FALSE,San Polo,Campo S. Polo,SP2011,type B,14054,0,fountain,high,2448,59.5,Fountain - SP2011F_2014
e408321c-6ec4-3e01-08e7-0e514f41d7de,45.43632698,12.34730989,,20250,180,square,CS3214F,TRUE,,8,spout,75,20,0,JPEG,3264,134,FALSE,metal,1,81,0,VESTA,unknown,FALSE,0,0,low,some,12,80,10,FALSE,FALSE,Castello,Campo de le Gatte,CS3214,type A,12544,0,fountain,medium,2448,45,Fountain - CS3214F_2014
e7390089-f07b-f6ff-1dba-e5e00e6d4014,45.42725415,12.31505121,push-button.,576,96,square with rounded corners,DD7F,FALSE,,8,spout,71,11,3,JPEG,3264,122,TRUE,metal,1,57,0,VESTA,unknown,TRUE,0,0,low,none,20,1,0,TRUE,FALSE,Dorsoduro,Calle del Teatre in Saca,DD7,other,11712,0,fountain,high,2448,24,Fountain - DD7F_2014
e874bdb7-ce95-b637-8e77-f343fffbe2c6,45.43040698,12.3322455,,3234,238,square with rounded corners,DD364F,FALSE,,8,lion,83,8,0.9,JPEG,3264,138,FALSE,metal,1,4,0,City of Venice,Gesuati,FALSE,50,1,medium,none,9,40,0,TRUE,TRUE,Dorsoduro,Campiello Barbaro,DD364,type B,14054,0,fountain,medium,2448,59.5,Fountain - DD364F_2014
ea30d6a2-c609-c8ea-8707-2648481607fc,45.44727348,12.32860402,Marble base,3234,238,square with rounded corners,CN3201F,TRUE,Marble base,8,Lion,80,12,1.9,JPEG,3264,141,TRUE,metal,1,65,5,VESTA,S. Alvise,TRUE,35,0,Medium,Some,1,5,1,TRUE,FALSE,Cannaregio,Campo S. Alvise,CN3201,type B,14054,0,fountain,high,2448,59.5,Fountain - CN3201F_2014
ebe4db71-7173-6dc9-4194-c3ccfbb20859,45.43167827,12.35392467,Drain filled with dirt and plants,3234,238,rectangle,CS1373F,TRUE,,8,lion,80,8,0,JPEG,3264,130,FALSE,metal,1,94,0,VESTA,unknown,TRUE,0,0,low,some,30,25,0,FALSE,FALSE,Castello,Corte Schiavona,CS1373,type B,14054,0,fountain,medium,2448,59.5,Fountain - CS1373F_2014
ee20535f-0e55-7d76-30a5-276af8ee151b,45.43880386,12.33184593,,95,35,circle,SP1895F,FALSE,,8,spout,61,13,3.7,JPEG,3264,86,FALSE,metal,1,21,0,City of Venice,S. Cassan,FALSE,20,0,Medium,some,32,30,30,TRUE,TRUE,San Polo,Carampane,SP1895,type F,4135,0,fountain,medium,2448,unknown,Fountain - SP1895F_2014
f2c81b62-d2e7-d0ca-2cd1-a13f8f66ae30,45.459225,12.356021,,86.65986651,33,Circle,MU5F,FALSE,,8,spout,76,8,0,JPEG,3264,86,,metal,1,,,City of Venice,,,0,0,80,50,,50,50,,TRUE,Murano,Calle del Convento Pescheria,MU5,Other,2972.659867,,,Medium,1840,,Fountain - MU5F_2014
f3203fb8-f3f3-55f1-16ab-971f6f8eec97,45.442146,12.335177,flower pots on drain.,1203.927567,123,Circle,CN4062F,TRUE,,8,lion,97,0,0,JPEG,3264,140,,metal,1,,,City of Venice,,,5,0,50,0,,95,15,,FALSE,Cannaregio,Ramo primo de le erbi,CN4062,Type B_Puglia,18423.92757,,,Low,2448,,Fountain - CN4062_2014
f41a41e2-5e44-2b58-c9bf-f5fe5ea4c625,45.438646,12.318848,,0,0,Circle,CN0F,FALSE,,8,Spout,60.5,22,0,JPEG,3264,65,,metal,0,,,City of Venice,,,0,0,50,0,,30,0,,FALSE,Cannaregio,Piazzale Roma Fondamenta Santa Chiara,CN0,Well,418,,,High,1840,,Fountain - CN0F_2014
f812c7d6-a633-92e4-a3b1-e477e22ae8e6,45.43205059,12.3254757,,3234,238,square with rounded corners,DD1170F,FALSE,,8,lion,82,8,1.8,JPEG,3264,138,TRUE,metal,1,8,0,City of Venice,S. Trovaso,TRUE,50,15,medium,none,14,20,4,TRUE,TRUE,Dorsoduro,Fondamenta della Toletta,DD1170,type B,14054,0,fountain,medium,2448,59.5,Fountain - DD1170F_2014
f874af54-9272-4938-ee5a-1ad0a6f335ca,45.44098056,12.32675043,,3234,238,square with rounded corners,SC1357F,TRUE,,8,lion,84,8,9.1,JPEG,3264,148,FALSE,metal,1,26,1,City of Venice,S. Simeone Grande,TRUE,30,0,medium,none,27,20,2,TRUE,TRUE,Santa Croce,Corte del Cazza,SC1357,type B,14054,0,fountain,medium,2448,59.5,Fountain - SC1357F_2014
f8c90c6b-dc6c-41d2-f0e0-d25b875e1843,45.485434,12.416332,,462.25,86,Square,BN738F,TRUE,,8,lion,97,0,0,JPEG,3264,125,,metal,2,,,City of Venice,,,0,0,50,0,,20,5,,TRUE,Burano,Campo Vigneri,BN738,Type B_Puglia,11212.25,,,high,1840,,Fountain - BN738F_2014
fb66f514-0bc1-165b-8056-af1a7c7a0898,45.457661,12.357716,Dysfunctioned push button,602.3218821,87,Circle,MU02F,TRUE,,8,lion spout,98,0,0,JPEG,3264,145,,metal,1,,,City of Venice,,,0,50,50,0,,5,5,,TRUE,Murano,Campo S.Donato,MU02,Type B_Puglia,13217.32188,,,high,1840,,Fountain - MU02F_2014
fbb9c570-bb60-f991-15da-4455a08983aa,45.43803391,12.3475331,,3234,238,square with rounded corners,CS2785F,TRUE,,8,lion,80,8,0,JPEG,3264,147,FALSE,metal,1,86,1,City of Venice,S. Francesco de la Vigna,TRUE,0,5,medium,None,11,10,0,FALSE,TRUE,Castello,Campo S. Francesco,CS2785,type B,14054,0,fountain,high,2448,59.5,Fountain - CS2785F_2014
fbdaee5d-1f3f-e8a6-63ec-b769a09b970f,45.43452492,12.34301114,,770,114,rectangle,CS4684F,FALSE,,8,spout,0,0,3.2,JPEG,3264,94,TRUE,metal,1,75,5,City of Venice,S. Zaccaria,FALSE,40,0,medium,none,2,5,5,TRUE,TRUE,Castello,Campo S. Zaccaria,CS4684,type E,8102,0,fountain,high,2448,28.5,Fountain - CS4684F_2014
fda3be01-3035-690c-786b-1ce0c961159f,45.44462023,12.32412417,,3234,238,square with rounded corners,CN1084F,TRUE,,8,lion,80,8,1.6,JPEG,3264,129,TRUE,metal,1,69,1,City of Venice,unknown,TRUE,15,0,medium,none,13,1,10,TRUE,TRUE,Cannaregio,Calle de le Chioverete,CN1084,type B,14054,0,fountain,medium,2448,59.5,Fountain - CN1084F_2014
fea6e6d9-cd4c-3e2a-6a87-c11cbf56f014,45.43841341,12.33480701,,601,82,octagon,SP549F,FALSE,bucket chained to it,8,spout,54,18,3.5,JPEG,3264,88,FALSE,metal,1,18,4,City of Venice,S. Silvestro,FALSE,10,0,medium,none,21,10,1,TRUE,TRUE,San Polo,Campo de Rialto Novo,SP549,type D,6359,0,fountain,medium,1840,26.8,Fountain - SP549F_2014